68751,BARBIE BEAUTY 9314,3,20000
88916,BARBIE FANTASY DOLL 0-18,2,25000
84593,BARBIE DOLL FAVORITE 4A-31,1,20000
92723,BARBIE BEAUTY FASHION MG166,5,12000
40355,BARBIE PRETTY FASHION STYLE 2021C,1,30000
16618,BARBIE ATINIL PRETTY GIRL 51-1,1,35000
78218,BARBIE BELLA´S MERMAID 00-32,1,40000
57898,BARBIE MISS NINI 51805,1,50000
54822,BARBIE SOFI 7178,1,30000
84011,BARBIE SOFI 7177,1,30000
64289,BARBIE KAIBIBI G001,1,42000
39319,ALWAYS FASHION 55-5,1,65000
92202,ANGEL BABY 189A,3,25000
84901,MUÑECA SABRINA 68CI,1,65000
74176,BARBIE CAR BALANCE 6594,3,35000
49592,GIRLS CREATOR UÑAS 398A,1,75000
88169,PARTY GIRL MAQUILLAJE 183A,2,30000
83821,SEWING MACHINE MAQUINA COSER 78-1,1,57000
78926,GIRLS CREATOR MANILLAS 515,1,45000
88696,MINI KITCHEN 218A,1,35000
32259,COLORFUL BEADS KIT MANILLAS 539,2,25000
60533,PELUCHE STISH ROSADO 741,1,25000
92141,KIT BELLEZA 0AB,2,23000
52987,MUSIC BABY 66A,1,26000
53202,BABY LOVELI 8078,1,95000
90788,KAIBIBI BABY 315-1,1,75000
40601,MUÑECA 21M-8,1,27000
48876,COCHE PLASTICO,3,25000
72107,CABBAGE PATCH KIDS 337-6,1,50000
75383,DOCTOR 965,1,65000
74713,PET SHOP DOG Y CAT 2109A,1,55000
50023,MAKEUP SET 95-2,1,20000
77515,SPARKLE Y GLITTER 5-10A,1,20000
19175,PLASTICINE CREATIVE 202E,2,25000
65556,DIRBEADING FASHION MANILLA MX17,2,15000
45523,MUSICAL MICROPHONE 5-5A,2,35000
90143,ELAINE BABY DOLL 58-14,2,20000
80843,DREAM KITCHEN 2613,1,25000
67279,EVERYDAY GOURMET 867B,2,25000
57355,KITCHEN 218-6,1,20000
73358,YOUNG DOCTOR 8B-16,1,15000
33457,MAKEUP SET 100-3,1,15000
69396,KITCHEN WARE 21ABC,1,32000
43573,DINO TRACK 88-49,2,80000
13112,TRUCKS 33-13,1,35000
63514,DEFORMATION 1695,2,48000
27510,POLICE CAR 697,1,40000
12828,MINI CAR 686-2,1,32000
50386,FAST SPEED 7-53A,2,32000
36297,FIRE RESCUE 9056,1,43000
75347,TRUCKS 8001,1,32000
75326,DINOSAURIO 41974,1,25000
65974,TRUCK SIMULATION MODEL C402,2,45000
48126,SPEED DRIFT 62-1,1,90000
48751,DINOSAURS RESCUE TEAM 02-1A,1,40000
55011,CRASH STUNT CAR 3B-21,2,45000
62365,KIDZ PLAY 98-40F,2,40000
42659,MILITARY CAR 386,1,50000
61984,STUNT CAR Z02,1,85000
14341,SUPER SHARPSHOOTER 1712,1,85000
94859,JAZZ DRUM 69-69,1,55000
59032,GUITAR MUSIC 719,1,40000
82882,MUSIC GUITAR 59P-2,1,45000
45511,FIRE BOMBERO 805C,4,17000
81015,CARRO AZUL 54-D3,2,12000
46219,CARRO AMARILLO,1,12000
21916,CARRO ROJO,1,12000
77171,SPEED AUTO 376,1,25000
90987,BRICK GAME 58A-34,2,30000
66532,DINO CARRO,1,14000
93264,TRANSFOMER ROJO,1,15000
23999,SUPER AIRGUN 696-7,1,10000
27923,BULLET 00A-2,1,18000
78067,BLOCKS 6011,1,25000
94415,PUZZLE BLOCKS 6055,2,35000
21578,TOOL SET 508-3,1,30000
83741,WATER GUN 23-16,1,25000
47903,FOOTBALL SPORT DQ-11,1,20000
13588,PISTOLA DE AGUA 91-5,2,15000
72524,TOLE PAINTING 2638,1,15000
50380,DON´T RUN 70A1,2,15000
17493,BUBBLE GAME 577,1,28000
75222,BABY RATTLES 200-2,1,15000
89053,ACROBATIC Z06,1,130000
79585,TRACTOR AMARILLO,1,25000
65002,DARDOS AMARILLOS E10,2,10000
70086,SONAJERO PEQUEÑO,2,5000
76615,SONAJERO GRANDE,2,8000
69686,ROMPECABEZAS X4 42-3,1,45000
62167,ELECTRONIC KEYBOARD Q-801,1,105000
32317,ELECTRONIC KEYBOARD PEQUEÑO 803B,1,95000
43271,CREMA 400ML ARRURRU,2,25000
80831,CREMA 220ML ARRURRU,2,17000
32242,CREMA 120ML ARRURRU,1,15000
55118,CREMA Y SHAMPOO DUO PACK ARRURRU,2,38000
57277,SHAMPOO CABELLO CLARO 750ML ARRURRU,2,35000
56028,SHAMPOO CABELLO CLARO 400ML ARRURRU,2,24500
49240,SHAMPOO CABELLO CLARO 220ML ARRURRU,2,19800
45562,SHAMPOO CABELLO CLARO 120ML ARRURRU,1,15800
57145,SHAMPOO CABELLO OSCURO 750ML ARRURRU,2,35000
73158,SHAMPOO CABELLO OSCURO 400ML ARRURRU,2,24500
30418,SHAMPOO CABELLO OSCURO 220ML ARRURRU,2,19800
58358,SHAMPOO CABELLO OSCURO 120ML ARRURRU,2,15800
27255,SHAMPOO SUAVIDAD Y HUMECTACION ARRURRU,2,25500
17009,SHAMPPO Y BAÑO LIQUIDO ARRURRU,2,26900
68789,SHAMPOO 2 EN 1 ORIGINAL ARRURRU,2,26900
94139,SHAMPOO CBELLO OSCURO 400ML BABY SOFT,1,23000
90358,SHAMPPO CABELLO OSCURO 200ML BABY SOFT,1,12000
57348,SHAMPOO CABELLO CLARO 200ML BABY SOFT,1,12000
52428,COLONIA 800ML NIÑA ARRURRU,1,65000
41154,COLONIA 220ML NIÑA ARRURRU,2,35000
87138,COLONIA 120ML NIÑA ARRURRU,2,25000
34448,COLONIA 60ML NIÑA ARRURRU,5,15000
22124,COLONIA 30ML NIÑA ARRURRU,5,8500
58414,COLONIA 220ML NIÑO ARRURRU,2,35000
58860,COLONIA 60ML NIÑO ARRURRU,5,15000
55597,COLONIA 30ML NIÑO ARRURRU,3,8500
77812,ACEITE CORPORAL 200ML ARRURRU,2,20000
55430,JABON CUERPO ARRURRU,5,6000
87848,CREMA N4 ORIGINAL N4,5,9600
41396,CREMA N4 ORIGINAL ARRURRU,2,10000
27363,CREMA YODORA YODORA,2,9000
72382,PERFUME NIÑO KIDS,3,6000
50315,PERFUME NIÑA KIDS,1,6000
43496,CEPILLO DE DIENTES HAPPY TOOTH,10,2000
67009,CEPILLO DE DIENTES HAPPY TOOTH,12,2000
26832,CEPILLO DE DIENTES JAMES,10,2000
31161,TETERO 20ML CORCHITO,3,5000
47151,TETERO ANTIREFLUJO CORCHITO,2,15000
29659,TETERO CUCHARA CORCHITO,1,19000
73831,TETERO DECORADO CORCHITO,3,8000
26105,TETERO 5OZ CORCHITO,3,8000
28263,TETERO 8OZ CORCHITO,5,9000
67412,VASO 210ML BOOGY,2,15000
32753,VASO 210ML BAODA,2,18000
78729,CHUPO C/U CORCHITO,21,2000
46121,BOLSITA DE LECHE C/U ONLY BABY,,2000
62396,CHUPO MARIPOSA MOBY,2,15000
73707,CHUPO FRISH 5783,4,5000
46754,CHUPO BEIDILE 1016,2,20000
17012,CHUPO FRUTO ONLY C-22,2,9000
63569,ASPIRADOR NASAL CORCHITO,4,9000
36420,CEPILLO DE DIENTES DEDO MOBY,1,12000
55901,RECOLECTOR LECHE CORCHITO,2,15000
28081,CEPILLO-PEINILLA MUSICALLY,4,15000
55746,EXTRACTOR DE LECHE CORCHITO,3,15000
33289,CHUPO DE SILICONA BOCA ANCHA,9,4500
88197,CHUPO BOCA ANCHA MASAJEADOR,12,4500
54183,COPO DE OIDO MK,2,3000
53848,LIMPIA ENCIAS 1094,3,7500
49119,LLAMADIENTES GUANTE ONLY BABY,1,12000
15883,LLAMADIENTES AROMATIZADO CORCHITO,2,10000
30551,LLAMDIENTES MUÑECO POPMAX,1,12000
16979,LLAMADIENTES JIRAFA ONLY BABY,1,12000
82874,LLAMADIENTES FRUTAS AROMATIZADAS CORCHITO,2,10000
29701,BOTILITO CORONA,2,25000
30450,VAJILLA INFANTIAL CORCHITO,2,30000
27390,BOTILITO PITILLO MUNLOVE,2,20000
54924,VASO PITILLO CORCHITO,1,20000
50572,SEPARADOR LECHE SMART BABY,1,20000
28884,DUCHA BABY CORCHITO,1,14000
17916,BOTILITO OSO 707-1,2,30000
94956,COBIJA BURBUJA,6,28000
83259,COBIJA GALLETA,5,20000
64166,COBERTOR,4,25000
33409,TOALLA BABY FRIENDS,3,32000
48064,TOALLA MAITOS,3,25000
42884,TOALLA PAÑAL Y SHAMPOO,1,28000
60890,BABEROS SEMANARIO PEINILLA,2,15000
26139,BABERO SEMANARIO BABY FRIENDS,4,18000
50468,BABERO TOALLA,7,4000
47740,GORRA NIÑO,4,20000
38187,GORRA NIÑA,5,20000
58148,GORRO PESQUERO GALLETA,1,25000
56291,GARRO PESQUERO MIMBRE,2,25000
76132,WINNY X100,2,12500
91345,WINNY X24,6,4300
51907,CAJA RECIEN NACIDO,1,28000
86687,ARRURRU X100,12,12500
21001,ARRURRU SIN ALCOHOL X120,2,14500
46764,HUGGIES X48,5,6100
25920,HUGGIES X80,5,8100
44316,PEQUEÑIN MANZANILLA X80,3,8000
80687,PEQUEÑIN ALMENDRA X100,1,12500
54672,PEQUEÑIN ALMENDRA X24,6,4000
25450,PEQUI¡EÑIN ALOE VERA X24,2,4000
48324,PEQUEÑIN PERSONAL,6,2200
82525,KIT VIAJERO ARRURRU,8,40000
45092,KIT BABY SHOWER ARRURRU,2,43000
12709,KIT RECION NACIDO ARRURRU,4,63000
26752,CORTA UÑAS MOBY,3,14000
55406,LIMA ELECTRICA FIND BACK,2,25000
37228,CARTUCHERA COMPLETA NIÑA MAITOS,1,55000
83917,KIT BABY GARE NIÑA MAITOS,1,27000
42548,KIT BABY GARE NIÑO MAITOS,3,27000
45665,ESCURRIDOR DE TETEROS,2,25000